raw_para_id,paragraph,question,Final_answer
0,"data science is an interdisciplinary academic field that uses statistics, scientific computing, scientific methods, processes, scientific visualization, algorithms and systems to extract or extrapolate knowledge and insights from potentially noisy data.",what is data science?,"Data science is an interdisciplinary academic field that uses statistics, scientific computing, scientific methods, processes, scientific visualization, algorithms and systems to extract or extrapolate knowledge and insights from potentially noisy, structured, or unstructured data."
0,"data science is an interdisciplinary academic field that uses statistics, scientific computing, scientific methods, processes, scientific visualization, algorithms and systems to extract or extrapolate knowledge and insights from potentially noisy data.",What is data science?,"Data science is an interdisciplinary academic field that uses statistics, scientific computing, scientific methods, processes, scientific visualization, algorithms and systems to extract or extrapolate knowledge and insights from potentially noisy, structured, or unstructured data."
0,"data science is an interdisciplinary academic field that uses statistics, scientific computing, scientific methods, processes, scientific visualization, algorithms and systems to extract or extrapolate knowledge and insights from potentially noisy data.",How is data science (based on machine learning ) different from other types of computing?,"Data science, based on machine learning, is different from other types of computing in that it involves the use of statistical methods and algorithms to extract knowledge and insights from large datasets, whereas other types of computing may focus on processing and executing specific tasks without the need for data analysis."
0,"data science is an interdisciplinary academic field that uses statistics, scientific computing, scientific methods, processes, scientific visualization, algorithms and systems to extract or extrapolate knowledge and insights from potentially noisy data.",what does data science mean in linux?,"Data science, in general, refers to the process of extracting insights and knowledge from data using various techniques such as machine learning, statistics, and data visualization. In the context of Linux, data science can be applied to analyze and understand large datasets related to Linux systems, such as system logs, network traffic, or user behavior. This can help developers and administrators identify trends, optimize system performance, and make data-driven decisions."
1,"data science is multifaceted and can be described as a science, a research paradigm, a discipline, a workflow, and a profession.",What is Data Science?,Data Science
1,"data science is multifaceted and can be described as a science, a research paradigm, a discipline, a workflow, and a profession.","Data science, what do you call it?","Data science can be called a science, a research paradigm, a research method, a discipline, a workflow, and a profession."
1,"data science is multifaceted and can be described as a science, a research paradigm, a discipline, a workflow, and a profession.",what is data science?,Data science
1,"data science is multifaceted and can be described as a science, a research paradigm, a discipline, a workflow, and a profession.",can you list the different types of data science?,"['a science', 'a research paradigm', 'a research method', 'a discipline', 'a workflow', 'a profession']"
2,"data science is a concept to unify statistics, data analysis, informatics. it uses techniques and theories drawn from many fields. data science is different from computer science and information science.",What is data science?,"Data science is a concept to unify statistics, data analysis, informatics, and their related methods to understand and analyze actual phenomena with data."
2,"data science is a concept to unify statistics, data analysis, informatics. it uses techniques and theories drawn from many fields. data science is different from computer science and information science.",What do you understand by the term data science?,"Data science is a concept to unify statistics, data analysis, informatics, and their related methods to understand and analyze actual phenomena with data."
2,"data science is a concept to unify statistics, data analysis, informatics. it uses techniques and theories drawn from many fields. data science is different from computer science and information science.",what do you mean by Data Science?,"Data Science is a concept to unify statistics, data analysis, informatics, and their related methods to understand and analyze actual phenomena with data."
2,"data science is a concept to unify statistics, data analysis, informatics. it uses techniques and theories drawn from many fields. data science is different from computer science and information science.",what is the difference between data science and computer science?,Data science is different from computer science.
3,data scientist creates programming code and combines it with statistical knowledge to create insights from data.,What are the characteristics of a data scientist?,"The characteristics of a data scientist include a strong background in programming, statistical knowledge, and analytical skills. They are able to write efficient and effective code, apply statistical methods to data, and extract meaningful insights from large datasets."
3,data scientist creates programming code and combines it with statistical knowledge to create insights from data.,What is the job of a data scientist?,A data scientist creates programming code and combines it with statistical knowledge to create insights from data.
3,data scientist creates programming code and combines it with statistical knowledge to create insights from data.,"what is a data scientist? what's the job like, what is a data scientist?","A data scientist is a professional who creates programming code and combines it with statistical knowledge to create insights from data. The job involves analyzing and interpreting large datasets to identify patterns, trends, and correlations, and then using this information to inform business decisions or solve complex problems."
3,data scientist creates programming code and combines it with statistical knowledge to create insights from data.,What is Data science?,Data science
4,"the field includes preparing data for analysis, formulating data science problems, analyzing data, developing data-driven solutions. it incorporates skills from computer science, statistics, information science, mathematics, data visualization, information visualization, data sonification, data integration, graphic design, complex systems.",what is a data science?,Data science is an interdisciplinary field that extracts knowledge from large data sets and applies it to solve problems in various domains.
4,"the field includes preparing data for analysis, formulating data science problems, analyzing data, developing data-driven solutions. it incorporates skills from computer science, statistics, information science, mathematics, data visualization, information visualization, data sonification, data integration, graphic design, complex systems.",what are the major skills needed to be a dcologist?,"The major skills needed to be a data scientist are: preparing data for analysis, formulating data science problems, analyzing data, developing data-driven solutions, and presenting findings to inform high-level decisions."
4,"the field includes preparing data for analysis, formulating data science problems, analyzing data, developing data-driven solutions. it incorporates skills from computer science, statistics, information science, mathematics, data visualization, information visualization, data sonification, data integration, graphic design, complex systems.",what do i need to do for my data science job?,"For your data science job, you will likely need to prepare data for analysis, formulate data science problems, analyze the data, develop data-driven solutions, and present your findings to inform high-level decisions. You may also need to incorporate skills from computer science, statistics, information science, mathematics, data visualization, information visualization, data sonification, data integration, graphic design, complex systems, communication, and business."
4,"the field includes preparing data for analysis, formulating data science problems, analyzing data, developing data-driven solutions. it incorporates skills from computer science, statistics, information science, mathematics, data visualization, information visualization, data sonification, data integration, graphic design, complex systems.",what are the requirements for research & data science?,"['Preparing data for analysis', 'Formulating data science problems', 'Analyzing data', 'Developing data-driven solutions', 'Presents findings to inform high-level decisions', 'Database management', 'Statistics and machine learning', 'Distributed and parallel systems']"
5,statistics emphasize quantitative data and description. others argue data science is distinct from statistics because it focuses on problems and techniques unique to digital data.,What is the difference between data science and statistics?,"Data science deals with both quantitative and qualitative data, including data from images, text, sensors, transactions, and customer information, and emphasizes prediction and action. In contrast, statistics focuses on quantitative data and description."
5,statistics emphasize quantitative data and description. others argue data science is distinct from statistics because it focuses on problems and techniques unique to digital data.,what is the difference between data science and data statistics?,"Data science is distinct from statistics because it deals with both quantitative and qualitative data, and emphasizes prediction and action, whereas statistics focuses on quantitative data and description."
5,statistics emphasize quantitative data and description. others argue data science is distinct from statistics because it focuses on problems and techniques unique to digital data.,What are the differences between data science and statistics?,"Data science focuses on quantitative and qualitative data, emphasizes prediction and action, whereas statistics emphasizes quantitative data and description."
5,statistics emphasize quantitative data and description. others argue data science is distinct from statistics because it focuses on problems and techniques unique to digital data.,difference between statistics and data science?,"Statistics focuses on quantitative data and description, whereas data science deals with both quantitative and qualitative data, emphasizing prediction and action."
6,he describes data science as an applied field growing out of traditional statistics. he describes data science as an applied field growing out of traditional statistics.,"What is a ""new field""",Data science
6,he describes data science as an applied field growing out of traditional statistics. he describes data science as an applied field growing out of traditional statistics.,what do you call a field that does not exist in traditional statistics?,Data science
6,he describes data science as an applied field growing out of traditional statistics. he describes data science as an applied field growing out of traditional statistics.,'for the sake of data science' meaning,"In the context of the passage, 'for the sake of data science' likely means to apply statistical methods and tools to solve real-world problems, rather than for purely theoretical or academic purposes."
6,he describes data science as an applied field growing out of traditional statistics. he describes data science as an applied field growing out of traditional statistics.,"What is the difference between ""traditional statistics"" and ""data science""?","Data science is distinguished from traditional statistics by its applied nature, whereas traditional statistics is a more theoretical field."
7,"in 1985, C. F. Jeff Wu used the term ""data science"" for the first time as an alternative name for statistics. in 1992, attendees at a statistics symposium at the University of Montpellier II acknowledged the emergence of a new discipline focused on data of various origins and forms.",What is the history of data science?,"The history of data science can be traced back to 1962 when John Tukey described the field as 'data analysis'. Later, in 1985, C. F. Jeff Wu used the term 'data science' for the first time as an alternative name for statistics. The emergence of data science as a distinct discipline was acknowledged in 1992 at a statistics symposium at the University of Montpellier II, which combined established concepts and principles of statistics and data analysis with computing."
7,"in 1985, C. F. Jeff Wu used the term ""data science"" for the first time as an alternative name for statistics. in 1992, attendees at a statistics symposium at the University of Montpellier II acknowledged the emergence of a new discipline focused on data of various origins and forms.","When did the term ""data science"" become an English word?",1985
7,"in 1985, C. F. Jeff Wu used the term ""data science"" for the first time as an alternative name for statistics. in 1992, attendees at a statistics symposium at the University of Montpellier II acknowledged the emergence of a new discipline focused on data of various origins and forms.",History of data science?,"The history of data science can be traced back to the 1960s with John Tukey's description of 'data analysis', and further solidified in the 1980s with C. F. Jeff Wu's use of the term 'data science'. The field gained recognition as a distinct discipline in the 1990s."
7,"in 1985, C. F. Jeff Wu used the term ""data science"" for the first time as an alternative name for statistics. in 1992, attendees at a statistics symposium at the University of Montpellier II acknowledged the emergence of a new discipline focused on data of various origins and forms.","When did ""data science"" become a rn?",1985
8,"the term ""data science"" dates back to 1974, when Peter Naur proposed it as an alternative name to computer science. in 1997, C. F. Jeff Wu suggested that statistics should be renamed data science.",Term used to refer to computer science,Data science
8,"the term ""data science"" dates back to 1974, when Peter Naur proposed it as an alternative name to computer science. in 1997, C. F. Jeff Wu suggested that statistics should be renamed data science.",why is data science called data science?,"Data science is called data science because it was proposed as an alternative name to computer science in 1974, and later, in 1997, C. F. Jeff Wu suggested renaming statistics to data science to help shed inaccurate stereotypes."
8,"the term ""data science"" dates back to 1974, when Peter Naur proposed it as an alternative name to computer science. in 1997, C. F. Jeff Wu suggested that statistics should be renamed data science.",What is the origin of the term data science?,1974
8,"the term ""data science"" dates back to 1974, when Peter Naur proposed it as an alternative name to computer science. in 1997, C. F. Jeff Wu suggested that statistics should be renamed data science.",What is the real name of statistical science?,Statistics
9,"popular terms for the process of finding patterns in datasets included ""knowledge discovery"" and ""data mining""",How to tell the difference between a process of finding and analyzing patterns in dataset?,"The difference between a process of finding and analyzing patterns in a dataset is not explicitly stated in the context. However, based on the context, it can be inferred that 'knowledge discovery' and 'data mining' are used interchangeably to refer to this process."
9,"popular terms for the process of finding patterns in datasets included ""knowledge discovery"" and ""data mining""",Term for finding patterns in data,Knowledge discovery and data mining
9,"popular terms for the process of finding patterns in datasets included ""knowledge discovery"" and ""data mining""","What is the word for ""learning from data?""",Data mining
9,"popular terms for the process of finding patterns in datasets included ""knowledge discovery"" and ""data mining""","What is a scientific term for ""finding patterns in a dataset""?",Knowledge discovery
10,"in 2012, technologists Thomas H. Davenport and DJ Patil declared ""Data Scientist: The Sexiest Job of the 21st Century"" a decade later, they reaffirmed it, saying ""the job is more in demand than ever with employers""",'Sexiest job' of the 21st century?,Data Scientist
10,"in 2012, technologists Thomas H. Davenport and DJ Patil declared ""Data Scientist: The Sexiest Job of the 21st Century"" a decade later, they reaffirmed it, saying ""the job is more in demand than ever with employers""",What is a sexiest job in the world?,Data Scientist
10,"in 2012, technologists Thomas H. Davenport and DJ Patil declared ""Data Scientist: The Sexiest Job of the 21st Century"" a decade later, they reaffirmed it, saying ""the job is more in demand than ever with employers""",What are the sexiest job in your life?,Data Scientist
10,"in 2012, technologists Thomas H. Davenport and DJ Patil declared ""Data Scientist: The Sexiest Job of the 21st Century"" a decade later, they reaffirmed it, saying ""the job is more in demand than ever with employers""",Have you ever been called the Sexiest Jobs of the 21st Century?,No
11,"""data science"" became more widely used in the next few years. in 2002, the committee on data for science and technology launched the journal. in 2014, the section on Statistical Learning and Data Mining changed its name to the Section on Statistical Learning and Data Science.",when did statistics start to be called a science?,I don't know
11,"""data science"" became more widely used in the next few years. in 2002, the committee on data for science and technology launched the journal. in 2014, the section on Statistical Learning and Data Mining changed its name to the Section on Statistical Learning and Data Science.","When did the term ""data science"" become popular in science?",2002
11,"""data science"" became more widely used in the next few years. in 2002, the committee on data for science and technology launched the journal. in 2014, the section on Statistical Learning and Data Mining changed its name to the Section on Statistical Learning and Data Science.",Why does the sub-sub-subset refer to data science?,I don't know
11,"""data science"" became more widely used in the next few years. in 2002, the committee on data for science and technology launched the journal. in 2014, the section on Statistical Learning and Data Mining changed its name to the Section on Statistical Learning and Data Science.",Why is “data science” called the “data science” section?,The Section on Statistical Learning and Data Science
12,"the title of ""data scientist"" was attributed to DJ Patil and Jeff Hammerbacher in 2008. it refers to any key role in managing a digital data collection.","Who wore the ""data scientist""?",DJ Patil and Jeff Hammerbacher
12,"the title of ""data scientist"" was attributed to DJ Patil and Jeff Hammerbacher in 2008. it refers to any key role in managing a digital data collection.","What is the meaning of ""data scientist""?",A data scientist is a professional who plays a key role in managing and analyzing digital data.
12,"the title of ""data scientist"" was attributed to DJ Patil and Jeff Hammerbacher in 2008. it refers to any key role in managing a digital data collection.","Who was the first person to say that the word ""data scientist"" refers to ""data scientist""?",DJ Patil and Jeff Hammerbacher
12,"the title of ""data scientist"" was attributed to DJ Patil and Jeff Hammerbacher in 2008. it refers to any key role in managing a digital data collection.","Is the name ""data scientist"" an appropriate phrase for data science?","Yes, the name 'data scientist' is an appropriate phrase for data science, as it was specifically attributed to this field by DJ Patil and Jeff Hammerbacher in 2008."
13,there is still no consensus on the definition of data science. data scientists are responsible for breaking down big data into usable information.,what is data science??,Data science is the process of breaking down big data into usable information and creating software and algorithms that help companies and organizations determine optimal operations.
13,there is still no consensus on the definition of data science. data scientists are responsible for breaking down big data into usable information.,What is the difference between data science and a data science?,"Data science refers to the field of study that involves extracting insights and knowledge from data using various techniques, such as machine learning, statistics, and visualization. On the other hand, 'doing data science' refers to the process of applying data science techniques to extract insights and knowledge from data. In other words, data science is the field, while doing data science is the action of practicing that field."
13,there is still no consensus on the definition of data science. data scientists are responsible for breaking down big data into usable information.,The definition of data science,"Data science is a term that is still debated and lacks a universally accepted definition, with some considering it a buzzword."
13,there is still no consensus on the definition of data science. data scientists are responsible for breaking down big data into usable information.,What is the difference between data science and data engineering?,"Data science is focused on extracting insights from big data, while data engineering is focused on building the infrastructure to store, process, and retrieve big data, which supports the data science process."
14,"data science and data analysis are both important disciplines in the field of data management and analysis. both fields involve working with data, but data science is more of an interdisciplinary field that involves the application of statistical, computational, and machine learning methods to extract insights from data. data analysis is more focused on the examination and interpretation of data to identify patterns and trends.",What is the difference between data science and data analysis?,"Data science involves the application of statistical, computational, and machine learning methods to extract insights from data and make predictions, whereas data analysis is focused on the examination and interpretation of data to identify patterns and trends."
14,"data science and data analysis are both important disciplines in the field of data management and analysis. both fields involve working with data, but data science is more of an interdisciplinary field that involves the application of statistical, computational, and machine learning methods to extract insights from data. data analysis is more focused on the examination and interpretation of data to identify patterns and trends.",What is the difference between data science and data analysis?,"Data science is more focused on making predictions and extracting insights from data, while data analysis is more focused on examining and interpreting data to identify patterns and trends."
14,"data science and data analysis are both important disciplines in the field of data management and analysis. both fields involve working with data, but data science is more of an interdisciplinary field that involves the application of statistical, computational, and machine learning methods to extract insights from data. data analysis is more focused on the examination and interpretation of data to identify patterns and trends.",what is the difference between a data science and a data analysis?,"Data science is more focused on making predictions and extracting insights from data, while data analysis is more focused on examining and interpreting data to identify patterns and trends."
14,"data science and data analysis are both important disciplines in the field of data management and analysis. both fields involve working with data, but data science is more of an interdisciplinary field that involves the application of statistical, computational, and machine learning methods to extract insights from data. data analysis is more focused on the examination and interpretation of data to identify patterns and trends.",what is difference of data science and data analysis?,"Data science involves the application of statistical, computational, and machine learning methods to extract insights from data and make predictions, whereas data analysis is focused on examining and interpreting data to identify patterns and trends."
15,data analysts typically use statistical methods to test these hypotheses. a data analyst might analyze sales data to identify trends in customer behavior and make recommendations for marketing strategies.,How does a data analyst work in a business?,"A data analyst works in a business by analyzing sales data to identify trends in customer behavior and make recommendations for marketing strategies, for example."
15,data analysts typically use statistical methods to test these hypotheses. a data analyst might analyze sales data to identify trends in customer behavior and make recommendations for marketing strategies.,What's the job of a data analyst?,"The job of a data analyst is to work with smaller, structured datasets to answer specific questions or solve specific problems, using tasks such as data cleaning, data visualization, exploratory data analysis, and statistical methods to test hypotheses and draw conclusions from the data."
15,data analysts typically use statistical methods to test these hypotheses. a data analyst might analyze sales data to identify trends in customer behavior and make recommendations for marketing strategies.,what are data analyst and marketing research methods?,"Data analysts typically use exploratory data analysis and statistical methods to gain insights into the data and develop hypotheses about relationships between variables. Marketing research methods are not explicitly mentioned in the context, but based on the example provided, it can be inferred that data analysts may use their skills to analyze sales data and make recommendations for marketing strategies."
15,data analysts typically use statistical methods to test these hypotheses. a data analyst might analyze sales data to identify trends in customer behavior and make recommendations for marketing strategies.,What's the job of a data analyst?,"A data analyst's job is to analyze data to answer specific questions or solve specific problems, which can involve tasks such as data cleaning, data visualization, exploratory data analysis, and statistical methods to test hypotheses and draw conclusions."
16,"data scientists often work with unstructured data such as text or images. data science often involves tasks such as data preprocessing, feature engineering, and model selection.",How does data science relate to data science?,I don't know
16,"data scientists often work with unstructured data such as text or images. data science often involves tasks such as data preprocessing, feature engineering, and model selection.",What's the difference between data science and data science?,I don't know
16,"data scientists often work with unstructured data such as text or images. data science often involves tasks such as data preprocessing, feature engineering, and model selection.",what are the major difference between data science and data science?,"The major difference between data analysis and data science is the complexity and scope of the datasets and the methods used to analyze them. Data analysis typically involves working with smaller datasets and using statistical methods, whereas data science involves working with larger, more complex datasets and using advanced computational and statistical methods."
16,"data scientists often work with unstructured data such as text or images. data science often involves tasks such as data preprocessing, feature engineering, and model selection.",What are the jobs like for data science and what are their role in data science?,"Data scientists work with larger, more complex datasets, often involving unstructured data like text or images, and use machine learning algorithms to build predictive models and make data-driven decisions. They perform tasks such as data preprocessing, feature engineering, and model selection."
17,"data scientists are often responsible for collecting and cleaning data, selecting appropriate analytical techniques, and deploying models in real-world scenarios.",what are the duties of a data scientist?,"Collecting and cleaning data, selecting appropriate analytical techniques, and deploying models in real-world scenarios."
17,"data scientists are often responsible for collecting and cleaning data, selecting appropriate analytical techniques, and deploying models in real-world scenarios.",What is the job description of a data scientist?,"A data scientist is responsible for collecting and cleaning data, selecting appropriate analytical techniques, and deploying models in real-world scenarios, working at the intersection of mathematics, computer science, and domain expertise to solve complex problems and uncover hidden patterns in large datasets."
17,"data scientists are often responsible for collecting and cleaning data, selecting appropriate analytical techniques, and deploying models in real-world scenarios.",what are the role of data scientist?,"The role of a data scientist includes collecting and cleaning data, selecting appropriate analytical techniques, and deploying models in real-world scenarios."
17,"data scientists are often responsible for collecting and cleaning data, selecting appropriate analytical techniques, and deploying models in real-world scenarios.",What is the job description of a Data Scientist?,"A Data Scientist is responsible for collecting and cleaning data, selecting appropriate analytical techniques, and deploying models in real-world scenarios."
18,"data science and data analysis are closely related fields. both fields require a solid foundation in statistics, programming, and data visualization. both fields benefit from critical thinking and domain knowledge.",which is more important data science or data analysis?,I don't know
18,"data science and data analysis are closely related fields. both fields require a solid foundation in statistics, programming, and data visualization. both fields benefit from critical thinking and domain knowledge.","What are the pros and cons of data science, data analysis & statistical computing?",I don't know
18,"data science and data analysis are closely related fields. both fields require a solid foundation in statistics, programming, and data visualization. both fields benefit from critical thinking and domain knowledge.",Are data science and data analysis related?,"Yes, data science and data analysis are related."
18,"data science and data analysis are closely related fields. both fields require a solid foundation in statistics, programming, and data visualization. both fields benefit from critical thinking and domain knowledge.",how can i find information for data science?,"To find information for data science, you can start by studying statistics, programming languages such as Python or R, and data visualization tools like Tableau or Power BI. You can also explore online courses, tutorials, and resources that focus on critical thinking and domain knowledge in your area of interest."
19,"data analysis and data science are distinct yet interconnected disciplines within the broader field of data management and analysis. data analysis focuses on extracting insights and drawing conclusions from structured data. data science involves a more comprehensive approach that combines statistical analysis, computational methods, and machine learning.","How to convert ""data analysis"" into ""data science""?","Data analysis can be converted into data science by incorporating statistical analysis, computational methods, and machine learning to extract insights, build predictive models, and drive data-driven decision-making."
19,"data analysis and data science are distinct yet interconnected disciplines within the broader field of data management and analysis. data analysis focuses on extracting insights and drawing conclusions from structured data. data science involves a more comprehensive approach that combines statistical analysis, computational methods, and machine learning.",What is the difference between data analysis and data science?,"Data analysis focuses on extracting insights from structured data, whereas data science involves a more comprehensive approach that combines multiple methods to extract insights, build predictive models, and drive data-driven decision-making."
19,"data analysis and data science are distinct yet interconnected disciplines within the broader field of data management and analysis. data analysis focuses on extracting insights and drawing conclusions from structured data. data science involves a more comprehensive approach that combines statistical analysis, computational methods, and machine learning.",What is the difference between data analysis and data science?,"Data analysis focuses on extracting insights from structured data, whereas data science involves a broader approach that combines multiple methods and techniques to extract insights, build predictive models, and drive decision-making."
19,"data analysis and data science are distinct yet interconnected disciplines within the broader field of data management and analysis. data analysis focuses on extracting insights and drawing conclusions from structured data. data science involves a more comprehensive approach that combines statistical analysis, computational methods, and machine learning.",What is the difference between data analysis and data science?,"Data analysis focuses on extracting insights and drawing conclusions from structured data, whereas data science involves a more comprehensive approach that combines statistical analysis, computational methods, and machine learning."
20,"cloud computing can offer access to large amounts of computational power and storage. in big data, volumes of information are continually generated and processed. these platforms can handle complex and resource-intensive analytical tasks.",Why do you use cloud computing?,To access large amounts of computational power and storage
20,"cloud computing can offer access to large amounts of computational power and storage. in big data, volumes of information are continually generated and processed. these platforms can handle complex and resource-intensive analytical tasks.",What are some advantages and disadvantages of cloud computing?,"Advantages of cloud computing include: access to large amounts of computational power and storage, ability to handle complex and resource-intensive analytical tasks, scalability, flexibility, and cost-effectiveness. Disadvantages of cloud computing include: dependence on internet connectivity, potential security risks, and concerns about data ownership and control."
20,"cloud computing can offer access to large amounts of computational power and storage. in big data, volumes of information are continually generated and processed. these platforms can handle complex and resource-intensive analytical tasks.",cloud computing vs big data?,Cloud computing is used in big data to handle complex and resource-intensive analytical tasks.
20,"cloud computing can offer access to large amounts of computational power and storage. in big data, volumes of information are continually generated and processed. these platforms can handle complex and resource-intensive analytical tasks.",How does cloud computing improve data analysis?,Cloud computing improves data analysis by enabling the handling of complex and resource-intensive analytical tasks through access to large amounts of computational power and storage.
21,some distributed computing frameworks are designed to handle big data workloads. these frameworks can allow data scientists to process large datasets in parallel.,How can I access a large number of data in a network?,"Use a distributed computing framework to process and analyze large datasets in parallel, which can enable access to a large number of data in a network."
21,some distributed computing frameworks are designed to handle big data workloads. these frameworks can allow data scientists to process large datasets in parallel.,What is a distributed computing framework for preparing large datasets?,"These frameworks can enable data scientists to process and analyze large datasets in parallel, which can reducing processing times."
21,some distributed computing frameworks are designed to handle big data workloads. these frameworks can allow data scientists to process large datasets in parallel.,How do big data scientist handle their tasks?,Big data scientists can handle their tasks by processing and analyzing large datasets in parallel using distributed computing frameworks.
21,some distributed computing frameworks are designed to handle big data workloads. these frameworks can allow data scientists to process large datasets in parallel.,How can I speed up Big data processing?,Use distributed computing frameworks to process and analyze large datasets in parallel.
22,"data science involves collecting, processing, and analyzing data which often includes personal and sensitive information. concerns include potential privacy violations, bias perpetuation, and negative societal impacts.",What is data science?,"Data science is the process of collecting, processing, and analyzing data, which often includes personal and sensitive information."
22,"data science involves collecting, processing, and analyzing data which often includes personal and sensitive information. concerns include potential privacy violations, bias perpetuation, and negative societal impacts.","Does data science involve collecting, processing, and analysing personal data?",Yes
22,"data science involves collecting, processing, and analyzing data which often includes personal and sensitive information. concerns include potential privacy violations, bias perpetuation, and negative societal impacts.",What are the main concerns of data science?,"Potential privacy violations, bias perpetuation, and negative societal impacts"
22,"data science involves collecting, processing, and analyzing data which often includes personal and sensitive information. concerns include potential privacy violations, bias perpetuation, and negative societal impacts.",what are the pitfalls of data science?,"The pitfalls of data science include potential privacy violations, bias perpetuation, and negative societal impacts."
23,machine learning models can amplify existing biases present in training data. results can lead to discriminatory or unfair outcomes.,What are the negative effects of machine learning models?,"The negative effects of machine learning models are the amplification of existing biases in training data, resulting in discriminatory or unfair outcomes."
23,machine learning models can amplify existing biases present in training data. results can lead to discriminatory or unfair outcomes.,why is machine learning an evil?,"Machine learning is not inherently evil, but it can perpetuate biases if the training data contains discriminatory patterns or stereotypes. The algorithms used in machine learning are only as good as the data they are trained on, and if the data is biased, the model will learn to replicate that bias."
23,machine learning models can amplify existing biases present in training data. results can lead to discriminatory or unfair outcomes.,"If a machine learning model is used to predict events that are not the result of a data test, what are the risks?",The risks include the potential for unfair or discriminatory outcomes.
23,machine learning models can amplify existing biases present in training data. results can lead to discriminatory or unfair outcomes.,how machine learning causes bias?,"Machine learning causes bias by amplifying existing biases present in the training data, which can lead to discriminatory or unfair outcomes."
